0,"[0.6401550769805908, 0.5816236734390259, 0.529535174369812, 0.4998977780342102, 0.4733724594116211, 0.5359215140342712, 0.5180763006210327, 0.5143330097198486, 0.5182995796203613, 0.5804913640022278, 0.5747683048248291, 0.5765413641929626, 0.5830495953559875, 0.6241876482963562, 0.6248265504837036, 0.6282678246498108, 0.6338747143745422, 0.6669931411743164, 0.6868535280227661, 0.7039233446121216, 0.7204890847206116]","[0.7848740816116333, 0.7957338094711304, 0.7736627459526062, 0.7389315962791443, 0.6966909766197205, 0.6354215145111084, 0.56537264585495, 0.5135505199432373, 0.4698488116264343, 0.6075407266616821, 0.521706223487854, 0.4642171263694763, 0.41502946615219116, 0.6035889387130737, 0.5269763469696045, 0.47559475898742676, 0.4361679255962372, 0.6193162202835083, 0.5689536333084106, 0.5354694128036499, 0.507064163684845]"
1,"[0.6389526724815369, 0.5815642476081848, 0.530685305595398, 0.4999157190322876, 0.4738187789916992, 0.5375019311904907, 0.5199019312858582, 0.5144913792610168, 0.5157293081283569, 0.5800245404243469, 0.5698928833007812, 0.5703533291816711, 0.5743968486785889, 0.6230813264846802, 0.6214094758033752, 0.6244452595710754, 0.6284806728363037, 0.6663520932197571, 0.6856548190116882, 0.7030802369117737, 0.7194766402244568]","[0.7939653992652893, 0.7970843315124512, 0.7736612558364868, 0.7386783361434937, 0.6975237727165222, 0.6337127089500427, 0.5652792453765869, 0.5140314102172852, 0.46900200843811035, 0.606149435043335, 0.521255612373352, 0.46617019176483154, 0.41780784726142883, 0.603542685508728, 0.5252804756164551, 0.47546622157096863, 0.43263620138168335, 0.6214573383331299, 0.5700715780258179, 0.5391137599945068, 0.5106421709060669]"
2,"[0.6421611905097961, 0.5842006206512451, 0.5317206382751465, 0.4992307722568512, 0.47221651673316956, 0.5322909951210022, 0.5102732181549072, 0.5010176301002502, 0.49840250611305237, 0.5748830437660217, 0.5648981332778931, 0.5646277666091919, 0.5686549544334412, 0.6181589961051941, 0.6184492707252502, 0.6205947399139404, 0.6253575086593628, 0.662060022354126, 0.6814122796058655, 0.6982505321502686, 0.715624213218689]","[0.7949893474578857, 0.7957558631896973, 0.770668625831604, 0.7336565256118774, 0.6939749121665955, 0.6190705299377441, 0.5472761988639832, 0.4936995506286621, 0.44814908504486084, 0.5924213528633118, 0.5134994983673096, 0.45915573835372925, 0.41320550441741943, 0.592803418636322, 0.5188745856285095, 0.471762478351593, 0.43059027194976807, 0.6150246262550354, 0.5666043758392334, 0.537215530872345, 0.5085614919662476]"
3,"[0.6362246870994568, 0.5777813196182251, 0.5253031253814697, 0.4953579008579254, 0.46738946437835693, 0.5259466171264648, 0.5029356479644775, 0.49344462156295776, 0.49055635929107666, 0.5697974562644958, 0.5613299608230591, 0.5622746348381042, 0.5676035284996033, 0.6146960258483887, 0.6152257919311523, 0.6181341409683228, 0.6234666109085083, 0.6602768898010254, 0.6801350712776184, 0.6968978047370911, 0.7134678959846497]","[0.7907731533050537, 0.7925432920455933, 0.7690261602401733, 0.7327346801757812, 0.695968508720398, 0.6185315251350403, 0.544615626335144, 0.4904893636703491, 0.4450329542160034, 0.5927922129631042, 0.5109449625015259, 0.45579707622528076, 0.4105755686759949, 0.5945425033569336, 0.5209259986877441, 0.4731728434562683, 0.4335520565509796, 0.6173661351203918, 0.5694382786750793, 0.5380204916000366, 0.5082208514213562]"
4,"[0.6350575089454651, 0.5763145089149475, 0.5249132513999939, 0.4944327473640442, 0.46528396010398865, 0.5242578387260437, 0.5002948045730591, 0.4900595545768738, 0.48670363426208496, 0.5687903761863708, 0.5602962374687195, 0.5606561899185181, 0.5653589963912964, 0.6140862703323364, 0.6137011051177979, 0.61570143699646, 0.6197894215583801, 0.6598260998725891, 0.6800682544708252, 0.6968865394592285, 0.7133365869522095]","[0.7921234369277954, 0.7925819158554077, 0.7697376608848572, 0.7344030141830444, 0.6979770064353943, 0.6150002479553223, 0.5427937507629395, 0.49002066254615784, 0.4451916813850403, 0.5890914797782898, 0.5093885064125061, 0.45618414878845215, 0.41209760308265686, 0.591800332069397, 0.5190464854240417, 0.4737107753753662, 0.4353557825088501, 0.6156024932861328, 0.569185733795166, 0.5387687683105469, 0.5087622404098511]"
5,"[0.6350575089454651, 0.5763145089149475, 0.5249132513999939, 0.4944327473640442, 0.46528396010398865, 0.5242578387260437, 0.5002948045730591, 0.4900595545768738, 0.48670363426208496, 0.5687903761863708, 0.5602962374687195, 0.5606561899185181, 0.5653589963912964, 0.6140862703323364, 0.6137011051177979, 0.61570143699646, 0.6197894215583801, 0.6598260998725891, 0.6800682544708252, 0.6968865394592285, 0.7133365869522095]","[0.7921234369277954, 0.7925819158554077, 0.7697376608848572, 0.7344030141830444, 0.6979770064353943, 0.6150002479553223, 0.5427937507629395, 0.49002066254615784, 0.4451916813850403, 0.5890914797782898, 0.5093885064125061, 0.45618414878845215, 0.41209760308265686, 0.591800332069397, 0.5190464854240417, 0.4737107753753662, 0.4353557825088501, 0.6156024932861328, 0.569185733795166, 0.5387687683105469, 0.5087622404098511]"
6,"[0.6350889205932617, 0.5762372016906738, 0.5246997475624084, 0.4947029948234558, 0.4684089124202728, 0.526489794254303, 0.5028210878372192, 0.4935343563556671, 0.4916630983352661, 0.5701440572738647, 0.5604110360145569, 0.5615434050559998, 0.567632794380188, 0.6139155030250549, 0.6131736040115356, 0.6159547567367554, 0.6220012307167053, 0.6581449508666992, 0.677920937538147, 0.6961421966552734, 0.7151609659194946]","[0.7929171323776245, 0.7956598401069641, 0.7725652456283569, 0.7393379211425781, 0.7005305886268616, 0.6194718480110168, 0.5478809475898743, 0.49598228931427, 0.4520736038684845, 0.593940019607544, 0.5132980942726135, 0.45887279510498047, 0.4146716594696045, 0.5960091948509216, 0.5221445560455322, 0.47613978385925293, 0.4371301829814911, 0.6188493967056274, 0.5716305375099182, 0.5400903820991516, 0.5086662173271179]"
7,"[0.6345521211624146, 0.5765356421470642, 0.5262548327445984, 0.49748146533966064, 0.47002124786376953, 0.5236871838569641, 0.5031967163085938, 0.49599742889404297, 0.49637991189956665, 0.5691184997558594, 0.5606244802474976, 0.5613645315170288, 0.5667227506637573, 0.6145040988922119, 0.6139116883277893, 0.6160851716995239, 0.6208154559135437, 0.6593784093856812, 0.6792839765548706, 0.6971622109413147, 0.7148603796958923]","[0.7883203029632568, 0.7944316864013672, 0.7724858522415161, 0.7414995431900024, 0.7037259936332703, 0.6188479661941528, 0.5502910614013672, 0.4997520446777344, 0.45636045932769775, 0.5931695699691772, 0.5146149396896362, 0.4626120328903198, 0.4187198877334595, 0.5945389270782471, 0.5249773263931274, 0.48047390580177307, 0.44292768836021423, 0.6163747906684875, 0.5714863538742065, 0.5407669544219971, 0.5105051398277283]"
8,"[0.6345512866973877, 0.5759373307228088, 0.5258193016052246, 0.49652907252311707, 0.4688608646392822, 0.5246745347976685, 0.5034878253936768, 0.4959154725074768, 0.4962901175022125, 0.5693270564079285, 0.5601114630699158, 0.5612763166427612, 0.5672146081924438, 0.6146517395973206, 0.6149091720581055, 0.6181540489196777, 0.6237899661064148, 0.6600247621536255, 0.6806765198707581, 0.6989538073539734, 0.7169601917266846]","[0.79069584608078, 0.7969421744346619, 0.774292528629303, 0.7406367063522339, 0.7032047510147095, 0.6205911636352539, 0.5491178631782532, 0.49608665704727173, 0.4510272741317749, 0.5935622453689575, 0.5111698508262634, 0.45785632729530334, 0.4138859510421753, 0.5939597487449646, 0.5186784863471985, 0.47147536277770996, 0.43225204944610596, 0.6152008175849915, 0.5680375099182129, 0.5363102555274963, 0.5057976245880127]"
9,"[0.6335718631744385, 0.5771272778511047, 0.5257512927055359, 0.49360814690589905, 0.46551626920700073, 0.5249490737915039, 0.5035040974617004, 0.49525466561317444, 0.4943772256374359, 0.5688560009002686, 0.559331476688385, 0.5608214139938354, 0.5672720670700073, 0.6151562929153442, 0.6149522066116333, 0.6192651391029358, 0.6263941526412964, 0.6624657511711121, 0.6824894547462463, 0.7003944516181946, 0.7191453576087952]","[0.7898361086845398, 0.7951592803001404, 0.7738128304481506, 0.7423743605613708, 0.7069369554519653, 0.6194103956222534, 0.5431252717971802, 0.48630642890930176, 0.43940791487693787, 0.5932684540748596, 0.5080173015594482, 0.4496614933013916, 0.4008770287036896, 0.5945310592651367, 0.516018271446228, 0.46477019786834717, 0.42159366607666016, 0.615822434425354, 0.5638085603713989, 0.5300028920173645, 0.49715495109558105]"
10,"[0.6335718631744385, 0.5771272778511047, 0.5257512927055359, 0.49360814690589905, 0.46551626920700073, 0.5249490737915039, 0.5035040974617004, 0.49525466561317444, 0.4943772256374359, 0.5688560009002686, 0.559331476688385, 0.5608214139938354, 0.5672720670700073, 0.6151562929153442, 0.6149522066116333, 0.6192651391029358, 0.6263941526412964, 0.6624657511711121, 0.6824894547462463, 0.7003944516181946, 0.7191453576087952]","[0.7898361086845398, 0.7951592803001404, 0.7738128304481506, 0.7423743605613708, 0.7069369554519653, 0.6194103956222534, 0.5431252717971802, 0.48630642890930176, 0.43940791487693787, 0.5932684540748596, 0.5080173015594482, 0.4496614933013916, 0.4008770287036896, 0.5945310592651367, 0.516018271446228, 0.46477019786834717, 0.42159366607666016, 0.615822434425354, 0.5638085603713989, 0.5300028920173645, 0.49715495109558105]"
11,"[0.6375524997711182, 0.5790735483169556, 0.5252234935760498, 0.49152112007141113, 0.4575933814048767, 0.5304576754570007, 0.505090057849884, 0.4951797127723694, 0.4920087456703186, 0.576209306716919, 0.5620309114456177, 0.5569354891777039, 0.5584784150123596, 0.6233822703361511, 0.6186151504516602, 0.6182701587677002, 0.6224415302276611, 0.6714917421340942, 0.6952076554298401, 0.7166203260421753, 0.7385072112083435]","[0.7943247556686401, 0.7939985394477844, 0.7736518383026123, 0.7443248629570007, 0.7172927856445312, 0.6181619167327881, 0.534709632396698, 0.47669050097465515, 0.42594629526138306, 0.5940580368041992, 0.4991989731788635, 0.43245700001716614, 0.37619683146476746, 0.5955063700675964, 0.5083680748939514, 0.44433531165122986, 0.39539721608161926, 0.6161566972732544, 0.5550416111946106, 0.5171107649803162, 0.48496782779693604]"
12,"[0.6486565470695496, 0.5886116623878479, 0.5320694446563721, 0.48755010962486267, 0.4485216736793518, 0.5391666889190674, 0.5130817890167236, 0.5020142793655396, 0.49588292837142944, 0.5848014950752258, 0.5829945802688599, 0.605000376701355, 0.6260555982589722, 0.6312503218650818, 0.62912917137146, 0.628359317779541, 0.6302542686462402, 0.673621416091919, 0.6993140578269958, 0.7215579152107239, 0.7409744262695312]","[0.7967569828033447, 0.7986291646957397, 0.7717934846878052, 0.749981701374054, 0.728310227394104, 0.6147125363349915, 0.5266491770744324, 0.4664997458457947, 0.413996160030365, 0.5915363430976868, 0.5395158529281616, 0.5650421977043152, 0.5920351147651672, 0.5878753662109375, 0.5039410591125488, 0.44414132833480835, 0.39138317108154297, 0.6001636981964111, 0.5389071106910706, 0.5001856088638306, 0.4594113230705261]"
13,"[0.6404098868370056, 0.580520749092102, 0.5243131518363953, 0.48086509108543396, 0.4384349584579468, 0.5341968536376953, 0.5069901347160339, 0.4979964792728424, 0.4937376081943512, 0.58286052942276, 0.5733353495597839, 0.5712447166442871, 0.572226345539093, 0.6314888596534729, 0.6278617978096008, 0.6227733492851257, 0.6206387877464294, 0.6797679662704468, 0.7066563367843628, 0.7262390851974487, 0.7447411417961121]","[0.8049435019493103, 0.7967691421508789, 0.7697690725326538, 0.7449760437011719, 0.7324273586273193, 0.5968236923217773, 0.5062090158462524, 0.4457227289676666, 0.39250102639198303, 0.5734143853187561, 0.471250057220459, 0.3999716639518738, 0.34062448143959045, 0.5793888568878174, 0.48525556921958923, 0.4168374538421631, 0.3608464300632477, 0.6076207160949707, 0.5428926944732666, 0.5013911128044128, 0.4633293151855469]"
14,"[0.6433777213096619, 0.5829834342002869, 0.5252677798271179, 0.4771455228328705, 0.43264853954315186, 0.5367070436477661, 0.5121526718139648, 0.5006183385848999, 0.4931895136833191, 0.5857836604118347, 0.5854929089546204, 0.6026404500007629, 0.6177784204483032, 0.6336343288421631, 0.6326819658279419, 0.631249725818634, 0.6310784816741943, 0.6785749793052673, 0.7067588567733765, 0.727762758731842, 0.7442222237586975]","[0.7917028665542603, 0.7896442413330078, 0.764471709728241, 0.746961772441864, 0.7358953952789307, 0.58867347240448, 0.4995441734790802, 0.4377492070198059, 0.3824397027492523, 0.5675495266914368, 0.5186084508895874, 0.5441361665725708, 0.5638230443000793, 0.5734411478042603, 0.489897757768631, 0.4286854863166809, 0.37005141377449036, 0.5941447019577026, 0.5291770696640015, 0.4896552860736847, 0.4447961449623108]"
15,"[0.6280003190040588, 0.5720905065536499, 0.5179574489593506, 0.4753274917602539, 0.4303241968154907, 0.5424678325653076, 0.5115304589271545, 0.4986864924430847, 0.49227476119995117, 0.5903599858283997, 0.5757730007171631, 0.5710529685020447, 0.5709249973297119, 0.6366580128669739, 0.6342171430587769, 0.6321896910667419, 0.63273686170578, 0.6834311485290527, 0.7117518186569214, 0.7314457297325134, 0.7455726861953735]","[0.8029731512069702, 0.7894858717918396, 0.7602921724319458, 0.7429404258728027, 0.7381505966186523, 0.5888187289237976, 0.49679648876190186, 0.43554699420928955, 0.3826204538345337, 0.5671803951263428, 0.45861148834228516, 0.3899814188480377, 0.33615246415138245, 0.5761738419532776, 0.4726801812648773, 0.40386098623275757, 0.34852609038352966, 0.6056852340698242, 0.5376707911491394, 0.49440112709999084, 0.4533465504646301]"
16,"[0.6280003190040588, 0.5720905065536499, 0.5179574489593506, 0.4753274917602539, 0.4303241968154907, 0.5424678325653076, 0.5115304589271545, 0.4986864924430847, 0.49227476119995117, 0.5903599858283997, 0.5757730007171631, 0.5710529685020447, 0.5709249973297119, 0.6366580128669739, 0.6342171430587769, 0.6321896910667419, 0.63273686170578, 0.6834311485290527, 0.7117518186569214, 0.7314457297325134, 0.7455726861953735]","[0.8029731512069702, 0.7894858717918396, 0.7602921724319458, 0.7429404258728027, 0.7381505966186523, 0.5888187289237976, 0.49679648876190186, 0.43554699420928955, 0.3826204538345337, 0.5671803951263428, 0.45861148834228516, 0.3899814188480377, 0.33615246415138245, 0.5761738419532776, 0.4726801812648773, 0.40386098623275757, 0.34852609038352966, 0.6056852340698242, 0.5376707911491394, 0.49440112709999084, 0.4533465504646301]"
17,"[0.638185441493988, 0.5814355611801147, 0.5222460627555847, 0.47154271602630615, 0.4247269034385681, 0.544220507144928, 0.5133864879608154, 0.49928706884384155, 0.4898937940597534, 0.5922181010246277, 0.5786221623420715, 0.5728313326835632, 0.5694997310638428, 0.6394091844558716, 0.6348952651023865, 0.6333251595497131, 0.6315621733665466, 0.6860007643699646, 0.7124456167221069, 0.730968177318573, 0.7433210611343384]","[0.8027004599571228, 0.7891911864280701, 0.7626800537109375, 0.7423516511917114, 0.7421529293060303, 0.5874990224838257, 0.49785247445106506, 0.4388887286186218, 0.38570886850357056, 0.5618077516555786, 0.4552082419395447, 0.38985055685043335, 0.33699190616607666, 0.5691375732421875, 0.4716571867465973, 0.4047970473766327, 0.3514856696128845, 0.5987581014633179, 0.5310934782028198, 0.4876002073287964, 0.44736117124557495]"
18,"[0.6245855689048767, 0.5743103623390198, 0.5181422233581543, 0.46938180923461914, 0.4215565323829651, 0.5463091135025024, 0.5117707252502441, 0.49668967723846436, 0.4880349636077881, 0.59287029504776, 0.577053427696228, 0.5725532174110413, 0.5702983736991882, 0.6389973163604736, 0.6335402131080627, 0.6307435631752014, 0.6273360252380371, 0.6856796145439148, 0.7147931456565857, 0.7330141067504883, 0.7429302930831909]","[0.8068200349807739, 0.7918438911437988, 0.7604284882545471, 0.7409736514091492, 0.7378075122833252, 0.5853060483932495, 0.49385347962379456, 0.43418338894844055, 0.3828012943267822, 0.5623055100440979, 0.4546896815299988, 0.3846210241317749, 0.3328535556793213, 0.5699048042297363, 0.4700242578983307, 0.4002135992050171, 0.34667614102363586, 0.5987433791160583, 0.5306823253631592, 0.4868438243865967, 0.44705304503440857]"
19,"[0.6202805042266846, 0.5749006867408752, 0.5267040133476257, 0.47712522745132446, 0.4310877323150635, 0.5437944531440735, 0.50459223985672, 0.48763126134872437, 0.47607237100601196, 0.5916944742202759, 0.5698027610778809, 0.5681561231613159, 0.561977744102478, 0.6402641534805298, 0.6343163847923279, 0.6315052509307861, 0.6242594122886658, 0.6881418228149414, 0.71709805727005, 0.7341501116752625, 0.7400270104408264]","[0.804040253162384, 0.80109041929245, 0.7781499028205872, 0.7504094839096069, 0.7318898439407349, 0.5911514163017273, 0.49953800439834595, 0.4332548975944519, 0.372919499874115, 0.5657316446304321, 0.4594208300113678, 0.3934782147407532, 0.3439573049545288, 0.5701619386672974, 0.4679240584373474, 0.4011763632297516, 0.35046684741973877, 0.5945150256156921, 0.5248903036117554, 0.4749453067779541, 0.43205583095550537]"
20,"[0.6320944428443909, 0.574554443359375, 0.515144944190979, 0.4600951671600342, 0.41020846366882324, 0.5470401048660278, 0.5087692737579346, 0.49155616760253906, 0.47976571321487427, 0.5929757952690125, 0.5728997588157654, 0.5654930472373962, 0.5589371919631958, 0.6393534541130066, 0.6313672661781311, 0.6265004277229309, 0.6210220456123352, 0.6865914463996887, 0.7121893167495728, 0.7298732399940491, 0.7410189509391785]","[0.8149335384368896, 0.7930673956871033, 0.7608160972595215, 0.7421000003814697, 0.7425190210342407, 0.5832911729812622, 0.4947216808795929, 0.43550336360931396, 0.384967565536499, 0.5584383606910706, 0.4522790014743805, 0.3828674554824829, 0.32932448387145996, 0.565966784954071, 0.4671824872493744, 0.39935049414634705, 0.345487117767334, 0.5956727862358093, 0.5277900695800781, 0.4848824739456177, 0.44605931639671326]"
21,"[0.6307903528213501, 0.5722492933273315, 0.511536717414856, 0.455325722694397, 0.4063144326210022, 0.5437625050544739, 0.5014302730560303, 0.48106276988983154, 0.46641725301742554, 0.5883464217185974, 0.565136194229126, 0.5552839040756226, 0.5463685989379883, 0.6356492042541504, 0.6244796514511108, 0.6166991591453552, 0.609163761138916, 0.6833940148353577, 0.711115837097168, 0.7302573919296265, 0.743070125579834]","[0.8074201345443726, 0.79344642162323, 0.763127326965332, 0.7455347776412964, 0.7412630915641785, 0.5823376178741455, 0.4974985122680664, 0.4407215118408203, 0.392302006483078, 0.5544525384902954, 0.4553632140159607, 0.3910537660121918, 0.3427460193634033, 0.5601181387901306, 0.46318677067756653, 0.3983418345451355, 0.3467119038105011, 0.5891566276550293, 0.5227668881416321, 0.48026448488235474, 0.4416493773460388]"
22,"[0.6307903528213501, 0.5722492933273315, 0.511536717414856, 0.455325722694397, 0.4063144326210022, 0.5437625050544739, 0.5014302730560303, 0.48106276988983154, 0.46641725301742554, 0.5883464217185974, 0.565136194229126, 0.5552839040756226, 0.5463685989379883, 0.6356492042541504, 0.6244796514511108, 0.6166991591453552, 0.609163761138916, 0.6833940148353577, 0.711115837097168, 0.7302573919296265, 0.743070125579834]","[0.8074201345443726, 0.79344642162323, 0.763127326965332, 0.7455347776412964, 0.7412630915641785, 0.5823376178741455, 0.4974985122680664, 0.4407215118408203, 0.392302006483078, 0.5544525384902954, 0.4553632140159607, 0.3910537660121918, 0.3427460193634033, 0.5601181387901306, 0.46318677067756653, 0.3983418345451355, 0.3467119038105011, 0.5891566276550293, 0.5227668881416321, 0.48026448488235474, 0.4416493773460388]"
23,"[0.6411787867546082, 0.5768973231315613, 0.5124037265777588, 0.4532708525657654, 0.4043542444705963, 0.5450375080108643, 0.50111323595047, 0.4788813591003418, 0.46124550700187683, 0.5911117792129517, 0.5700042843818665, 0.5600250959396362, 0.5514441132545471, 0.6388166546821594, 0.6327017545700073, 0.6264715194702148, 0.619991660118103, 0.6864850521087646, 0.7124295830726624, 0.7292243838310242, 0.741205632686615]","[0.8082298636436462, 0.7895017266273499, 0.7550538778305054, 0.7428833246231079, 0.7473161220550537, 0.5760125517845154, 0.49375319480895996, 0.4390459656715393, 0.39164358377456665, 0.5486418604850769, 0.4480321407318115, 0.38651272654533386, 0.340618759393692, 0.5559448599815369, 0.46280723810195923, 0.40357205271720886, 0.3568567633628845, 0.585844874382019, 0.5215782523155212, 0.4811169505119324, 0.44354403018951416]"
24,"[0.6379733681678772, 0.5798231363296509, 0.5164352059364319, 0.4538727402687073, 0.4013010561466217, 0.5435014963150024, 0.4995724558830261, 0.4782605767250061, 0.4623715281486511, 0.5881960988044739, 0.5650365948677063, 0.5561797022819519, 0.5485587120056152, 0.6362006664276123, 0.6261213421821594, 0.61895352602005, 0.6113722920417786, 0.685139536857605, 0.7114167809486389, 0.7282916307449341, 0.7400883436203003]","[0.8102797269821167, 0.7927122116088867, 0.7599578499794006, 0.7427202463150024, 0.74387127161026, 0.5763903260231018, 0.49248605966567993, 0.4352847933769226, 0.38869017362594604, 0.5485026240348816, 0.4470006823539734, 0.38314223289489746, 0.3367307782173157, 0.5551074147224426, 0.45997053384780884, 0.3982310891151428, 0.3503223955631256, 0.5849171280860901, 0.5212007761001587, 0.47979265451431274, 0.4423827528953552]"
25,"[0.6345080733299255, 0.5785697102546692, 0.5175096988677979, 0.45601868629455566, 0.4042288661003113, 0.5445907711982727, 0.5010286569595337, 0.48014217615127563, 0.46511292457580566, 0.5893145203590393, 0.5664598345756531, 0.5578295588493347, 0.5493890643119812, 0.6365255117416382, 0.6234267950057983, 0.6144912242889404, 0.6052353382110596, 0.6848776340484619, 0.7120341658592224, 0.7300313115119934, 0.7419683337211609]","[0.809423565864563, 0.7908990979194641, 0.7582780718803406, 0.7371569275856018, 0.7352775931358337, 0.5776340365409851, 0.49406662583351135, 0.4368845522403717, 0.3894135653972626, 0.550560474395752, 0.4503054618835449, 0.38538822531700134, 0.3377832770347595, 0.5577296614646912, 0.4617348611354828, 0.39659154415130615, 0.34622251987457275, 0.5874700546264648, 0.5229460000991821, 0.47999608516693115, 0.44158807396888733]"
26,"[0.637269139289856, 0.5780966877937317, 0.5156924724578857, 0.45486971735954285, 0.40444672107696533, 0.5462290644645691, 0.5026978254318237, 0.4803387224674225, 0.4634115695953369, 0.5906707644462585, 0.567896842956543, 0.5576304197311401, 0.5485389828681946, 0.637563169002533, 0.6291980743408203, 0.6221647262573242, 0.6145830154418945, 0.6841452121734619, 0.7133546471595764, 0.7329085469245911, 0.7467843890190125]","[0.8059923648834229, 0.7883777618408203, 0.7559844255447388, 0.7390353679656982, 0.7403169870376587, 0.5754898190498352, 0.49283793568611145, 0.436429500579834, 0.3886184096336365, 0.5480921864509583, 0.4481983780860901, 0.38432854413986206, 0.3357275724411011, 0.5560672283172607, 0.45947930216789246, 0.3957192897796631, 0.3449491858482361, 0.5871198177337646, 0.5227029323577881, 0.481351375579834, 0.4433738589286804]"
27,"[0.637269139289856, 0.5780966877937317, 0.5156924724578857, 0.45486971735954285, 0.40444672107696533, 0.5462290644645691, 0.5026978254318237, 0.4803387224674225, 0.4634115695953369, 0.5906707644462585, 0.567896842956543, 0.5576304197311401, 0.5485389828681946, 0.637563169002533, 0.6291980743408203, 0.6221647262573242, 0.6145830154418945, 0.6841452121734619, 0.7133546471595764, 0.7329085469245911, 0.7467843890190125]","[0.8059923648834229, 0.7883777618408203, 0.7559844255447388, 0.7390353679656982, 0.7403169870376587, 0.5754898190498352, 0.49283793568611145, 0.436429500579834, 0.3886184096336365, 0.5480921864509583, 0.4481983780860901, 0.38432854413986206, 0.3357275724411011, 0.5560672283172607, 0.45947930216789246, 0.3957192897796631, 0.3449491858482361, 0.5871198177337646, 0.5227029323577881, 0.481351375579834, 0.4433738589286804]"
28,"[0.6379854083061218, 0.5780591368675232, 0.515114963054657, 0.4555371403694153, 0.4055154621601105, 0.545228123664856, 0.5015124082565308, 0.4795214831829071, 0.46319687366485596, 0.5899890661239624, 0.5669830441474915, 0.557661771774292, 0.5500485301017761, 0.6374948024749756, 0.6271900534629822, 0.618661105632782, 0.6105369925498962, 0.6859846711158752, 0.7133151292800903, 0.7319035530090332, 0.7454145550727844]","[0.8057288527488708, 0.7869915962219238, 0.7556032538414001, 0.7405891418457031, 0.7428067922592163, 0.5736992955207825, 0.49134451150894165, 0.4357009530067444, 0.3890133500099182, 0.5464041829109192, 0.44806599617004395, 0.38446956872940063, 0.33664700388908386, 0.5540274381637573, 0.45974746346473694, 0.3950064778327942, 0.34421437978744507, 0.5844230651855469, 0.5202187895774841, 0.4783260226249695, 0.4406268298625946]"
29,"[0.636827290058136, 0.5764044523239136, 0.5145704746246338, 0.45747822523117065, 0.4115908443927765, 0.5443536639213562, 0.5007364749908447, 0.4770631790161133, 0.45993781089782715, 0.5880133509635925, 0.5665380954742432, 0.5573013424873352, 0.5522440671920776, 0.6348546743392944, 0.6276882290840149, 0.6218064427375793, 0.6169485449790955, 0.6825501918792725, 0.7101706266403198, 0.7280738353729248, 0.7414110898971558]","[0.7957242131233215, 0.7831001281738281, 0.7586299777030945, 0.7429389953613281, 0.7414101362228394, 0.5748156309127808, 0.4929974675178528, 0.43737858533859253, 0.38952237367630005, 0.5475558638572693, 0.44884192943573, 0.38646209239959717, 0.33620625734329224, 0.5551000833511353, 0.45972102880477905, 0.3955601155757904, 0.34267866611480713, 0.5843403935432434, 0.5176228880882263, 0.47550979256629944, 0.4367396831512451]"
30,"[0.6435074210166931, 0.5805756449699402, 0.517429530620575, 0.4597630500793457, 0.4138026237487793, 0.5408286452293396, 0.4978914260864258, 0.47411566972732544, 0.4572834372520447, 0.5848788022994995, 0.5662307739257812, 0.5588220357894897, 0.5549507141113281, 0.632726788520813, 0.6193838119506836, 0.6122732758522034, 0.6071414351463318, 0.6832738518714905, 0.7077918648719788, 0.7243472933769226, 0.7378121018409729]","[0.7978160977363586, 0.7831497192382812, 0.7562882304191589, 0.7425070405006409, 0.7471272349357605, 0.57673579454422, 0.4927431344985962, 0.43555593490600586, 0.38773661851882935, 0.5489278435707092, 0.44775819778442383, 0.3834967017173767, 0.3325599133968353, 0.5542481541633606, 0.4570781886577606, 0.38977402448654175, 0.3351985216140747, 0.5822115540504456, 0.5152289271354675, 0.4725900888442993, 0.4343280792236328]"
31,"[0.6399866342544556, 0.5797209739685059, 0.5171228051185608, 0.4643918573856354, 0.4164591133594513, 0.5370827317237854, 0.4926045536994934, 0.47086647152900696, 0.4562731981277466, 0.5823618173599243, 0.5575979948043823, 0.5491849184036255, 0.5466485619544983, 0.6301450729370117, 0.618233323097229, 0.6125980019569397, 0.609866738319397, 0.6802684664726257, 0.7025771737098694, 0.7174623012542725, 0.7284219861030579]","[0.7952075004577637, 0.7837598323822021, 0.7553268671035767, 0.7389005422592163, 0.740173876285553, 0.5760466456413269, 0.4933781623840332, 0.4374409317970276, 0.3876199424266815, 0.5471044778823853, 0.4500496983528137, 0.3906059265136719, 0.34283334016799927, 0.5521224737167358, 0.4543389081954956, 0.38722074031829834, 0.3322148621082306, 0.5810966491699219, 0.5131934285163879, 0.4685576260089874, 0.42597389221191406]"
32,"[0.6399866342544556, 0.5797209739685059, 0.5171228051185608, 0.4643918573856354, 0.4164591133594513, 0.5370827317237854, 0.4926045536994934, 0.47086647152900696, 0.4562731981277466, 0.5823618173599243, 0.5575979948043823, 0.5491849184036255, 0.5466485619544983, 0.6301450729370117, 0.618233323097229, 0.6125980019569397, 0.609866738319397, 0.6802684664726257, 0.7025771737098694, 0.7174623012542725, 0.7284219861030579]","[0.7952075004577637, 0.7837598323822021, 0.7553268671035767, 0.7389005422592163, 0.740173876285553, 0.5760466456413269, 0.4933781623840332, 0.4374409317970276, 0.3876199424266815, 0.5471044778823853, 0.4500496983528137, 0.3906059265136719, 0.34283334016799927, 0.5521224737167358, 0.4543389081954956, 0.38722074031829834, 0.3322148621082306, 0.5810966491699219, 0.5131934285163879, 0.4685576260089874, 0.42597389221191406]"
33,"[0.6406190395355225, 0.5792640447616577, 0.5188778638839722, 0.46669086813926697, 0.42015984654426575, 0.5339444875717163, 0.4940201938152313, 0.47451698780059814, 0.4610953629016876, 0.5796043276786804, 0.5578361749649048, 0.5463010668754578, 0.5397461652755737, 0.6276172399520874, 0.6168412566184998, 0.6078683137893677, 0.602322518825531, 0.6744174361228943, 0.6985272765159607, 0.7145777940750122, 0.7288234829902649]","[0.7806028723716736, 0.7751608490943909, 0.7506791949272156, 0.7341263890266418, 0.7316603660583496, 0.574516773223877, 0.49597352743148804, 0.44280171394348145, 0.3950797915458679, 0.5444596409797668, 0.4494849741458893, 0.3843803405761719, 0.3300900161266327, 0.5491216778755188, 0.45530036091804504, 0.3899558186531067, 0.3361167907714844, 0.5783871412277222, 0.5162646770477295, 0.4743168354034424, 0.43520838022232056]"
34,"[0.6401918530464172, 0.5779255032539368, 0.5195022821426392, 0.47225329279899597, 0.4282681345939636, 0.5320813059806824, 0.49552032351493835, 0.4778258502483368, 0.4662288427352905, 0.5789836049079895, 0.5584427714347839, 0.5515297055244446, 0.5485684871673584, 0.6276342272758484, 0.6197338104248047, 0.6163445115089417, 0.6145327091217041, 0.6769726872444153, 0.6978459358215332, 0.7127101421356201, 0.7247074842453003]","[0.7914689183235168, 0.7822302579879761, 0.756679117679596, 0.7372997403144836, 0.7352783679962158, 0.5816470384597778, 0.5032286047935486, 0.4507574141025543, 0.40211039781570435, 0.5525476932525635, 0.4523409903049469, 0.3925778865814209, 0.3420231342315674, 0.5559850335121155, 0.46195486187934875, 0.40022730827331543, 0.34746643900871277, 0.5819514989852905, 0.515225350856781, 0.47143107652664185, 0.4282986521720886]"
35,"[0.6451334357261658, 0.5820658206939697, 0.5226678848266602, 0.47392961382865906, 0.4308353662490845, 0.5331924557685852, 0.5017734169960022, 0.4883729815483093, 0.48126402497291565, 0.5776669979095459, 0.5607624650001526, 0.553574800491333, 0.5513207912445068, 0.6248682141304016, 0.6245160698890686, 0.6229653358459473, 0.6238438487052917, 0.6718923449516296, 0.6960573792457581, 0.7129496932029724, 0.7283580899238586]","[0.7836270928382874, 0.7799631357192993, 0.7558557987213135, 0.7350517511367798, 0.7245377898216248, 0.5861093401908875, 0.5076496601104736, 0.45393651723861694, 0.4057982861995697, 0.5579306483268738, 0.46602970361709595, 0.4020916521549225, 0.34792187809944153, 0.5580047965049744, 0.47377848625183105, 0.4121258854866028, 0.3614579737186432, 0.5805202126502991, 0.5193817019462585, 0.47834891080856323, 0.43922722339630127]"
36,"[0.6464366912841797, 0.5841273069381714, 0.5255026817321777, 0.47651207447052, 0.4372662305831909, 0.5371142625808716, 0.5043720602989197, 0.49185910820961, 0.48601070046424866, 0.5810340642929077, 0.5668202638626099, 0.5618564486503601, 0.5615081191062927, 0.6269229650497437, 0.6267273426055908, 0.6256747245788574, 0.6275687217712402, 0.6719219088554382, 0.694489598274231, 0.7107198238372803, 0.725593626499176]","[0.7795484662055969, 0.7784525752067566, 0.7536253929138184, 0.7348470687866211, 0.7262413501739502, 0.5872353315353394, 0.514583170413971, 0.46420127153396606, 0.42092567682266235, 0.5580936670303345, 0.4665207266807556, 0.4062003493309021, 0.35852381587028503, 0.5580296516418457, 0.4759112298488617, 0.42226192355155945, 0.3766404390335083, 0.5804822444915771, 0.5242114663124084, 0.48628729581832886, 0.45053166151046753]"
37,"[0.6464366912841797, 0.5841273069381714, 0.5255026817321777, 0.47651207447052, 0.4372662305831909, 0.5371142625808716, 0.5043720602989197, 0.49185910820961, 0.48601070046424866, 0.5810340642929077, 0.5668202638626099, 0.5618564486503601, 0.5615081191062927, 0.6269229650497437, 0.6267273426055908, 0.6256747245788574, 0.6275687217712402, 0.6719219088554382, 0.694489598274231, 0.7107198238372803, 0.725593626499176]","[0.7795484662055969, 0.7784525752067566, 0.7536253929138184, 0.7348470687866211, 0.7262413501739502, 0.5872353315353394, 0.514583170413971, 0.46420127153396606, 0.42092567682266235, 0.5580936670303345, 0.4665207266807556, 0.4062003493309021, 0.35852381587028503, 0.5580296516418457, 0.4759112298488617, 0.42226192355155945, 0.3766404390335083, 0.5804822444915771, 0.5242114663124084, 0.48628729581832886, 0.45053166151046753]"
38,"[0.6451810598373413, 0.5814366936683655, 0.5234352350234985, 0.47598522901535034, 0.4361008405685425, 0.5334246158599854, 0.5003324747085571, 0.48995721340179443, 0.4874500334262848, 0.5788310766220093, 0.5621659755706787, 0.5592003464698792, 0.5621106624603271, 0.6255014538764954, 0.6240535378456116, 0.6228983998298645, 0.6242408156394958, 0.6709926128387451, 0.6922661066055298, 0.7082567811012268, 0.7227915525436401]","[0.7815980315208435, 0.7800518274307251, 0.7585884928703308, 0.7402329444885254, 0.7272825241088867, 0.589818000793457, 0.5204043984413147, 0.4716949462890625, 0.42883074283599854, 0.5613693594932556, 0.47503912448883057, 0.41687890887260437, 0.37237000465393066, 0.5623895525932312, 0.48711246252059937, 0.43901166319847107, 0.3979230225086212, 0.5846531391143799, 0.5308493375778198, 0.4957081973552704, 0.4617864489555359]"
39,"[0.645548939704895, 0.5815086364746094, 0.5234326720237732, 0.4794807732105255, 0.442807674407959, 0.5334894061088562, 0.5020087361335754, 0.4918464422225952, 0.49018409848213196, 0.5776097178459167, 0.5605911016464233, 0.557223379611969, 0.5603801608085632, 0.6233574748039246, 0.620986819267273, 0.6210545897483826, 0.6244836449623108, 0.6684216260910034, 0.6889176964759827, 0.7055505514144897, 0.7210085988044739]","[0.7814629673957825, 0.7799261808395386, 0.7576894760131836, 0.7346421480178833, 0.7164923548698425, 0.5956526398658752, 0.528325617313385, 0.48297250270843506, 0.4433225989341736, 0.5683937072753906, 0.48619621992111206, 0.43239694833755493, 0.39009708166122437, 0.5690275430679321, 0.496248722076416, 0.4487035870552063, 0.4093180298805237, 0.5899160504341125, 0.5348043441772461, 0.4989249110221863, 0.46405917406082153]"
40,"[0.646248996257782, 0.5811105370521545, 0.5219522714614868, 0.47858455777168274, 0.44360941648483276, 0.5308517217636108, 0.49945977330207825, 0.49218979477882385, 0.4936872720718384, 0.5741974711418152, 0.5574017763137817, 0.555382251739502, 0.5596447587013245, 0.6194177865982056, 0.6177209615707397, 0.6183536648750305, 0.6215488314628601, 0.6641088128089905, 0.681943416595459, 0.6968027353286743, 0.7107271552085876]","[0.780616283416748, 0.783441424369812, 0.7605974674224854, 0.7346264719963074, 0.7110068202018738, 0.6029640436172485, 0.5375173091888428, 0.4911201596260071, 0.4523470103740692, 0.5751416683197021, 0.4961276650428772, 0.4433123469352722, 0.40170687437057495, 0.5724706649780273, 0.501997172832489, 0.4564681649208069, 0.41859883069992065, 0.5898439884185791, 0.5358967185020447, 0.5022491812705994, 0.46976006031036377]"
41,"[0.646248996257782, 0.5811105370521545, 0.5219522714614868, 0.47858455777168274, 0.44360941648483276, 0.5308517217636108, 0.49945977330207825, 0.49218979477882385, 0.4936872720718384, 0.5741974711418152, 0.5574017763137817, 0.555382251739502, 0.5596447587013245, 0.6194177865982056, 0.6177209615707397, 0.6183536648750305, 0.6215488314628601, 0.6641088128089905, 0.681943416595459, 0.6968027353286743, 0.7107271552085876]","[0.780616283416748, 0.783441424369812, 0.7605974674224854, 0.7346264719963074, 0.7110068202018738, 0.6029640436172485, 0.5375173091888428, 0.4911201596260071, 0.4523470103740692, 0.5751416683197021, 0.4961276650428772, 0.4433123469352722, 0.40170687437057495, 0.5724706649780273, 0.501997172832489, 0.4564681649208069, 0.41859883069992065, 0.5898439884185791, 0.5358967185020447, 0.5022491812705994, 0.46976006031036377]"
42,"[0.6441891193389893, 0.5805153846740723, 0.5212947726249695, 0.4769972264766693, 0.4432056248188019, 0.5318098068237305, 0.5014395713806152, 0.49465569853782654, 0.49654847383499146, 0.5743343830108643, 0.5562345385551453, 0.5538488626480103, 0.5579773187637329, 0.6194775104522705, 0.6165647506713867, 0.6160153746604919, 0.6188834309577942, 0.664949357509613, 0.6824851036071777, 0.6976406574249268, 0.7121451497077942]","[0.7799376845359802, 0.7838120460510254, 0.7603161334991455, 0.7346084713935852, 0.7084428668022156, 0.6092519164085388, 0.5440459847450256, 0.49732086062431335, 0.45935726165771484, 0.5815119743347168, 0.5012869834899902, 0.44694995880126953, 0.4042398929595947, 0.5781742930412292, 0.5078360438346863, 0.46302372217178345, 0.4269251227378845, 0.5937610864639282, 0.53819340467453, 0.5029314160346985, 0.4701983332633972]"
43,"[0.6441891193389893, 0.5805153846740723, 0.5212947726249695, 0.4769972264766693, 0.4432056248188019, 0.5318098068237305, 0.5014395713806152, 0.49465569853782654, 0.49654847383499146, 0.5743343830108643, 0.5562345385551453, 0.5538488626480103, 0.5579773187637329, 0.6194775104522705, 0.6165647506713867, 0.6160153746604919, 0.6188834309577942, 0.664949357509613, 0.6824851036071777, 0.6976406574249268, 0.7121451497077942]","[0.7799376845359802, 0.7838120460510254, 0.7603161334991455, 0.7346084713935852, 0.7084428668022156, 0.6092519164085388, 0.5440459847450256, 0.49732086062431335, 0.45935726165771484, 0.5815119743347168, 0.5012869834899902, 0.44694995880126953, 0.4042398929595947, 0.5781742930412292, 0.5078360438346863, 0.46302372217178345, 0.4269251227378845, 0.5937610864639282, 0.53819340467453, 0.5029314160346985, 0.4701983332633972]"
44,"[0.6423402428627014, 0.5790960788726807, 0.5208852291107178, 0.4778229296207428, 0.4451709985733032, 0.5299120545387268, 0.5003324747085571, 0.49495092034339905, 0.49924713373184204, 0.5732480883598328, 0.5555062294006348, 0.5535699725151062, 0.5593875646591187, 0.618116021156311, 0.6162668466567993, 0.616282045841217, 0.6203104257583618, 0.6634548902511597, 0.679977297782898, 0.6938703060150146, 0.7078186869621277]","[0.7821937799453735, 0.7840153574943542, 0.7628051042556763, 0.7376513481140137, 0.7117716670036316, 0.6070812344551086, 0.5431134104728699, 0.4980095624923706, 0.4618644118309021, 0.58039790391922, 0.5032048225402832, 0.452440470457077, 0.4141875207424164, 0.57952481508255, 0.5121323466300964, 0.47105076909065247, 0.4386591613292694, 0.5972702503204346, 0.5439017415046692, 0.5095286965370178, 0.47598496079444885]"
45,"[0.6428716778755188, 0.5800779461860657, 0.5226336121559143, 0.4802817106246948, 0.4465544819831848, 0.5317617654800415, 0.5022206902503967, 0.49637287855148315, 0.49994340538978577, 0.5740184783935547, 0.5555074214935303, 0.5524517893791199, 0.5566090941429138, 0.6181203126907349, 0.6155586242675781, 0.6152158975601196, 0.6183493733406067, 0.6625019907951355, 0.6788774728775024, 0.6924475431442261, 0.7057859301567078]","[0.7832839488983154, 0.7851204872131348, 0.7615218758583069, 0.7357165813446045, 0.7133513689041138, 0.6120883226394653, 0.5477677583694458, 0.5039249658584595, 0.468100368976593, 0.5849380493164062, 0.5077505707740784, 0.45652782917022705, 0.41605067253112793, 0.5833662748336792, 0.5174517631530762, 0.4763329029083252, 0.4422566890716553, 0.6002501249313354, 0.5479070544242859, 0.5144045948982239, 0.48105132579803467]"
46,"[0.6458590030670166, 0.5827274918556213, 0.524220883846283, 0.48164379596710205, 0.45144131779670715, 0.531028151512146, 0.5002114176750183, 0.4954691529273987, 0.5014455318450928, 0.5730882287025452, 0.5539330840110779, 0.5522614121437073, 0.5587041974067688, 0.617261528968811, 0.6144351363182068, 0.6146450042724609, 0.6191316246986389, 0.6620628833770752, 0.6775680184364319, 0.6907497048377991, 0.7046713829040527]","[0.7826677560806274, 0.7847756743431091, 0.7637913823127747, 0.7371608018875122, 0.7079359292984009, 0.6103036403656006, 0.5443149209022522, 0.5025954842567444, 0.47103890776634216, 0.5824812054634094, 0.5036108493804932, 0.4532307982444763, 0.415226012468338, 0.5800968408584595, 0.5150303840637207, 0.47519510984420776, 0.4427371025085449, 0.5968188047409058, 0.5452810525894165, 0.5138440728187561, 0.4825761616230011]"
47,"[0.6399693489074707, 0.577579915523529, 0.5212685465812683, 0.48136723041534424, 0.4518362879753113, 0.5261638164520264, 0.4980570673942566, 0.49362698197364807, 0.49897170066833496, 0.5695781111717224, 0.5530529618263245, 0.5523506999015808, 0.5583978295326233, 0.6138280630111694, 0.6123016476631165, 0.6131352186203003, 0.6171919703483582, 0.6586360931396484, 0.6746672987937927, 0.6869335770606995, 0.6994483470916748]","[0.784817099571228, 0.7840197086334229, 0.7623620629310608, 0.7364934086799622, 0.7087922096252441, 0.6054922938346863, 0.5400051474571228, 0.5008406043052673, 0.47404053807258606, 0.5802150368690491, 0.5047348737716675, 0.454848051071167, 0.41920018196105957, 0.5809057354927063, 0.5168275237083435, 0.4758438169956207, 0.44347846508026123, 0.6003692746162415, 0.5516603589057922, 0.5195035338401794, 0.4879203140735626]"
48,"[0.6450942158699036, 0.5813127756118774, 0.5230222940444946, 0.48274847865104675, 0.45534342527389526, 0.5288633704185486, 0.49706339836120605, 0.4938400983810425, 0.5022305250167847, 0.5719186663627625, 0.5522281527519226, 0.5513815879821777, 0.5589541792869568, 0.6157346963882446, 0.6138046979904175, 0.6148159503936768, 0.6198340654373169, 0.6604412198066711, 0.6745070815086365, 0.6860640048980713, 0.6985582709312439]","[0.7790312767028809, 0.7824803590774536, 0.7638428807258606, 0.7377883195877075, 0.7043899893760681, 0.607902467250824, 0.5442500710487366, 0.5047439932823181, 0.4803612232208252, 0.5801291465759277, 0.5031747221946716, 0.453330397605896, 0.4185526371002197, 0.5789592862129211, 0.5153619647026062, 0.4755879044532776, 0.44523799419403076, 0.5983473658561707, 0.5513807535171509, 0.521564781665802, 0.4925602078437805]"
49,"[0.6431317925453186, 0.5806190371513367, 0.5233398079872131, 0.48272278904914856, 0.4544385075569153, 0.5284547805786133, 0.49727174639701843, 0.49277788400650024, 0.4991675615310669, 0.5713160634040833, 0.5526347160339355, 0.5526267886161804, 0.5602589249610901, 0.614676296710968, 0.6130287647247314, 0.6142846345901489, 0.6193493008613586, 0.6592090129852295, 0.6737179160118103, 0.6852110624313354, 0.697638213634491]","[0.786117434501648, 0.7861130833625793, 0.764941930770874, 0.7378323078155518, 0.7047356367111206, 0.6075438261032104, 0.5438663363456726, 0.5052573680877686, 0.48052549362182617, 0.5810033679008484, 0.5048164129257202, 0.4552989602088928, 0.4210509955883026, 0.581317663192749, 0.51864093542099, 0.4796088933944702, 0.44944846630096436, 0.601513147354126, 0.5545424222946167, 0.523792564868927, 0.4929634928703308]"
50,"[0.6415651440620422, 0.5794363021850586, 0.5233864784240723, 0.4837394952774048, 0.4572542905807495, 0.5251367092132568, 0.49547478556632996, 0.493766725063324, 0.5030524730682373, 0.5690624713897705, 0.5511411428451538, 0.5519835948944092, 0.5601093769073486, 0.6131883263587952, 0.6114334464073181, 0.6132845282554626, 0.6193240284919739, 0.6587169766426086, 0.672862708568573, 0.6842315196990967, 0.6968147158622742]","[0.791172444820404, 0.7885422706604004, 0.766091525554657, 0.7361210584640503, 0.7027302980422974, 0.6047336459159851, 0.5365136861801147, 0.4998997449874878, 0.4812266230583191, 0.5801795125007629, 0.5035220384597778, 0.4546501040458679, 0.4237292408943176, 0.5810728073120117, 0.5170968770980835, 0.47728991508483887, 0.44984859228134155, 0.6019304394721985, 0.5548243522644043, 0.5244264006614685, 0.49585214257240295]"
51,"[0.6416459679603577, 0.5795542001724243, 0.5230255126953125, 0.48662322759628296, 0.46214163303375244, 0.5295453071594238, 0.4984167814254761, 0.49511831998825073, 0.5031613111495972, 0.5726036429405212, 0.5541093349456787, 0.5529358386993408, 0.5597686767578125, 0.6156649589538574, 0.6127254962921143, 0.6138849258422852, 0.6193863153457642, 0.6598621606826782, 0.6727470755577087, 0.684255838394165, 0.6971646547317505]","[0.7874777317047119, 0.7879649996757507, 0.7653433084487915, 0.7356650233268738, 0.6978380680084229, 0.6116236448287964, 0.5454967617988586, 0.5068475604057312, 0.48148953914642334, 0.5867933630943298, 0.5098941922187805, 0.4580979347229004, 0.4209445118904114, 0.5873578786849976, 0.5240045189857483, 0.48243477940559387, 0.45024293661117554, 0.6066936254501343, 0.5575802326202393, 0.526942253112793, 0.4976204037666321]"
52,"[0.643374502658844, 0.5821463465690613, 0.5259071588516235, 0.4895626902580261, 0.4655380845069885, 0.5272248983383179, 0.49756506085395813, 0.49452489614486694, 0.5023781657218933, 0.5706536173820496, 0.5519108772277832, 0.5515455603599548, 0.5585494637489319, 0.6145943403244019, 0.6113339066505432, 0.6125070452690125, 0.617239773273468, 0.6593039035797119, 0.6726465225219727, 0.6838226318359375, 0.6957957744598389]","[0.7904773354530334, 0.7898244857788086, 0.7668572068214417, 0.733852744102478, 0.6963015794754028, 0.6103448867797852, 0.5429328680038452, 0.5037562847137451, 0.47953832149505615, 0.5831563472747803, 0.5052162408828735, 0.4552987217903137, 0.4225306510925293, 0.5830025672912598, 0.5181521773338318, 0.47920340299606323, 0.45115989446640015, 0.6026598811149597, 0.5557511448860168, 0.526432991027832, 0.499203622341156]"
53,"[0.6418806910514832, 0.5802748799324036, 0.5246352553367615, 0.48898231983184814, 0.46470576524734497, 0.5266309976577759, 0.4949473738670349, 0.4926307499408722, 0.5025943517684937, 0.5707561373710632, 0.5512937307357788, 0.551408052444458, 0.5594955682754517, 0.6146475672721863, 0.6110633015632629, 0.6124048233032227, 0.6180327534675598, 0.6599574685096741, 0.6725393533706665, 0.683203935623169, 0.6951881051063538]","[0.7877934575080872, 0.7884529829025269, 0.7669661045074463, 0.735382080078125, 0.6952415108680725, 0.6087945103645325, 0.5414434671401978, 0.5028916597366333, 0.4829038381576538, 0.5828588604927063, 0.5059632062911987, 0.45438092947006226, 0.4212903678417206, 0.5832685232162476, 0.5193007588386536, 0.48009440302848816, 0.452642023563385, 0.6036328673362732, 0.5568395256996155, 0.5268157124519348, 0.49850332736968994]"
54,"[0.6442524194717407, 0.5811257362365723, 0.5250580310821533, 0.4887325167655945, 0.464632123708725, 0.5264704823493958, 0.4954480826854706, 0.49384981393814087, 0.5044052600860596, 0.5704232454299927, 0.5509811639785767, 0.551699161529541, 0.5608697533607483, 0.6142244935035706, 0.610329806804657, 0.6121021509170532, 0.6187868714332581, 0.6593714952468872, 0.6725037693977356, 0.6844772100448608, 0.6983965635299683]","[0.7906538248062134, 0.7906405925750732, 0.7678589224815369, 0.7350447177886963, 0.6973504424095154, 0.6104426383972168, 0.5409818291664124, 0.5035547614097595, 0.48273777961730957, 0.5840159058570862, 0.506078839302063, 0.45443063974380493, 0.4211529493331909, 0.5835601091384888, 0.5187132358551025, 0.48049986362457275, 0.4542999565601349, 0.6023327112197876, 0.5550156235694885, 0.5264350771903992, 0.500180721282959]"
55,"[0.6430224776268005, 0.581626832485199, 0.5257167220115662, 0.4895991384983063, 0.46528446674346924, 0.5256269574165344, 0.4946233034133911, 0.4937818646430969, 0.5047035217285156, 0.5690017938613892, 0.549585223197937, 0.5512809157371521, 0.561278760433197, 0.6125521659851074, 0.6084778904914856, 0.6110033392906189, 0.6184526085853577, 0.6574075818061829, 0.6704630851745605, 0.6828746199607849, 0.6972854137420654]","[0.7901358008384705, 0.7894505858421326, 0.7661515474319458, 0.7323798537254333, 0.6955207586288452, 0.6097332239151001, 0.5393244028091431, 0.5020538568496704, 0.4828326106071472, 0.5834770798683167, 0.5052157044410706, 0.455044686794281, 0.4239499568939209, 0.5833426713943481, 0.5199704766273499, 0.4819626808166504, 0.45720505714416504, 0.6023251414299011, 0.5561543703079224, 0.5286824107170105, 0.503906786441803]"
56,"[0.6405937075614929, 0.5792627930641174, 0.5238484144210815, 0.4889567792415619, 0.4653667211532593, 0.5275454521179199, 0.4956146478652954, 0.49548959732055664, 0.5078301429748535, 0.5710803270339966, 0.5512560606002808, 0.5521299242973328, 0.5615854859352112, 0.6147210597991943, 0.6110287308692932, 0.613426923751831, 0.6206756234169006, 0.6597883105278015, 0.6718952059745789, 0.6837993264198303, 0.6975563168525696]","[0.7870632410049438, 0.787720263004303, 0.7645363211631775, 0.7325307726860046, 0.6935994625091553, 0.6107935309410095, 0.5436972975730896, 0.5048427581787109, 0.4840310513973236, 0.5850456953048706, 0.5076447129249573, 0.4558146297931671, 0.42141562700271606, 0.5845651626586914, 0.5206112861633301, 0.4817044138908386, 0.4544798731803894, 0.603385329246521, 0.5547910928726196, 0.5259750485420227, 0.49915316700935364]"
57,"[0.6411028504371643, 0.5812044143676758, 0.5255603790283203, 0.4900897741317749, 0.46591123938560486, 0.5295588970184326, 0.4972742199897766, 0.49632251262664795, 0.5083566308021545, 0.5730863809585571, 0.5522004961967468, 0.5527189373970032, 0.5628126859664917, 0.6168703436851501, 0.6113878488540649, 0.613211452960968, 0.6208099126815796, 0.6620612144470215, 0.673456072807312, 0.6851468086242676, 0.6992936730384827]","[0.7892808318138123, 0.788062334060669, 0.7643473148345947, 0.7339749932289124, 0.6962583065032959, 0.6100309491157532, 0.5411880612373352, 0.5034077167510986, 0.48280608654022217, 0.5862788558006287, 0.5080142021179199, 0.45630890130996704, 0.42223674058914185, 0.587701141834259, 0.5221699476242065, 0.4819585978984833, 0.45374900102615356, 0.6080196499824524, 0.5567945837974548, 0.526270866394043, 0.49789875745773315]"
58,"[0.6445837020874023, 0.5822645425796509, 0.5254621505737305, 0.49157363176345825, 0.4665990471839905, 0.532516598701477, 0.4994565546512604, 0.49889707565307617, 0.5107313394546509, 0.575059175491333, 0.5549302101135254, 0.5549687147140503, 0.5645682215690613, 0.6183508038520813, 0.6128207445144653, 0.6137531399726868, 0.6204468607902527, 0.662808358669281, 0.6747847199440002, 0.6868376135826111, 0.700908362865448]","[0.7841297388076782, 0.786394476890564, 0.763183057308197, 0.731459379196167, 0.6937448978424072, 0.6134191155433655, 0.5467005968093872, 0.507428765296936, 0.48204636573791504, 0.5871099233627319, 0.5090547204017639, 0.45758962631225586, 0.4216722249984741, 0.5854772925376892, 0.519417941570282, 0.48008036613464355, 0.4507014751434326, 0.6030356287956238, 0.5535202622413635, 0.5240073800086975, 0.4954761266708374]"
59,"[0.6478762030601501, 0.5860419869422913, 0.5285772085189819, 0.4930779039859772, 0.4687575697898865, 0.5338294506072998, 0.5005778074264526, 0.5000661611557007, 0.5124047994613647, 0.5762141346931458, 0.5550517439842224, 0.5550054311752319, 0.5647357106208801, 0.6191041469573975, 0.6145362257957458, 0.6167201399803162, 0.6241515874862671, 0.6632866859436035, 0.6756951212882996, 0.6874517202377319, 0.7013097405433655]","[0.7870500087738037, 0.7874869704246521, 0.7630378603935242, 0.7307185530662537, 0.6922377347946167, 0.6137861609458923, 0.5469880104064941, 0.5060287117958069, 0.47863101959228516, 0.5883021950721741, 0.5097654461860657, 0.4562477469444275, 0.4187408685684204, 0.5869355201721191, 0.5226495265960693, 0.48220789432525635, 0.4523840546607971, 0.6043948531150818, 0.5537617802619934, 0.5222578048706055, 0.49240362644195557]"
60,"[0.6551723480224609, 0.5942307710647583, 0.5377130508422852, 0.5039728283882141, 0.4813826382160187, 0.5447245240211487, 0.5149655938148499, 0.5116070508956909, 0.519489586353302, 0.5868668556213379, 0.5693603754043579, 0.5684506297111511, 0.5754173994064331, 0.6296340823173523, 0.6240037679672241, 0.6247515082359314, 0.630431592464447, 0.6739762425422668, 0.6856951117515564, 0.6975312232971191, 0.711554765701294]","[0.7918316721916199, 0.7890221476554871, 0.7655801773071289, 0.7332249283790588, 0.6948251724243164, 0.6171028017997742, 0.5470609068870544, 0.509492814540863, 0.4860555827617645, 0.592380166053772, 0.5138290524482727, 0.46277347207069397, 0.42623570561408997, 0.5905361175537109, 0.5235309600830078, 0.48481762409210205, 0.4558289051055908, 0.6070955991744995, 0.5585470795631409, 0.5296267867088318, 0.5029746294021606]"
61,"[0.659166693687439, 0.5996696352958679, 0.5428605079650879, 0.5090798139572144, 0.48294490575790405, 0.5461958646774292, 0.5154570937156677, 0.5154985189437866, 0.5277258157730103, 0.5886987447738647, 0.5694255828857422, 0.5698651075363159, 0.5797720551490784, 0.6322437524795532, 0.624914824962616, 0.6260085701942444, 0.6333577632904053, 0.6771420240402222, 0.6883338689804077, 0.7008594274520874, 0.7155256271362305]","[0.7871394157409668, 0.7901340126991272, 0.7692155838012695, 0.7375175356864929, 0.6982894539833069, 0.6163884401321411, 0.5445972681045532, 0.5085052251815796, 0.4918695092201233, 0.5901810526847839, 0.5115107893943787, 0.45856600999832153, 0.4257439076900482, 0.5882031917572021, 0.524231493473053, 0.48453590273857117, 0.45899301767349243, 0.6041877269744873, 0.5540896654129028, 0.5255680680274963, 0.5013946294784546]"
62,"[0.659166693687439, 0.5996696352958679, 0.5428605079650879, 0.5090798139572144, 0.48294490575790405, 0.5461958646774292, 0.5154570937156677, 0.5154985189437866, 0.5277258157730103, 0.5886987447738647, 0.5694255828857422, 0.5698651075363159, 0.5797720551490784, 0.6322437524795532, 0.624914824962616, 0.6260085701942444, 0.6333577632904053, 0.6771420240402222, 0.6883338689804077, 0.7008594274520874, 0.7155256271362305]","[0.7871394157409668, 0.7901340126991272, 0.7692155838012695, 0.7375175356864929, 0.6982894539833069, 0.6163884401321411, 0.5445972681045532, 0.5085052251815796, 0.4918695092201233, 0.5901810526847839, 0.5115107893943787, 0.45856600999832153, 0.4257439076900482, 0.5882031917572021, 0.524231493473053, 0.48453590273857117, 0.45899301767349243, 0.6041877269744873, 0.5540896654129028, 0.5255680680274963, 0.5013946294784546]"
63,"[0.6456079483032227, 0.5876142382621765, 0.5335925817489624, 0.497493177652359, 0.468671977519989, 0.5421273708343506, 0.5163938999176025, 0.5112911462783813, 0.5151060819625854, 0.5831561088562012, 0.5681451559066772, 0.5659913420677185, 0.570912778377533, 0.6262128353118896, 0.6208965182304382, 0.6221621632575989, 0.6275239586830139, 0.6700793504714966, 0.6860816478729248, 0.7001161575317383, 0.7144186496734619]","[0.7775070667266846, 0.7782415747642517, 0.7523936033248901, 0.7210187911987305, 0.6894659399986267, 0.6151064038276672, 0.5463224649429321, 0.5027285814285278, 0.4668671488761902, 0.5918038487434387, 0.5156679153442383, 0.46256911754608154, 0.42044705152511597, 0.5897476673126221, 0.521307647228241, 0.4774268567562103, 0.44300514459609985, 0.6036480665206909, 0.5471606850624084, 0.5117183327674866, 0.4788810908794403]"
